prompt,arrival_time,finish_time,deadline,generated_text,price
The Fulton County Grand Jury said Friday an investigation of Atlanta's recent primary election produced `` no evidence '' that any irregularities took place ,1728131428.8989813,1728131491.1019435,1728131438.8989813," that would have changed the outcome of the election.

The grand jury, which has been investigating the election since August, said it found some `` minor discrepancies '' in the voting process, but they were not significant enough to have affected the outcome of the election",0.0
" The jury further said in term-end presentments that the City Executive Committee , which had over-all charge of the election , `` deserves the praise and thanks of the City of Atlanta '' for the manner in which the election was conducted ",1728131428.9290826,1728131491.1019526,1728131438.9290826," The jury said it found `` no evidence '' of any `` fraud , irregularity or misconduct '' on the part of any election official  `` The election was conducted in a fair and impartial manner , '' the jury said  `` The City Executive Committee is",0.0
 The September-October term jury had been charged by Fulton Superior Court Judge Durwood Pye to investigate reports of possible `` irregularities '' in the hard-fought primary which was won by Mayor-nominate Ivan Allen Jr,1728131428.94225,1728131487.6958451,1728131429.5717084,.  The jury further recommended that a new primary,0.0
 ,1728131428.9513795,1728131527.6720338,1728133332.5127783,"1. ## Default Re: The LAZY [insert class here] build thread! I'm going to try to make a lazy sorcerer build. Here's my attempt: **Lazy Sorcerer** **Ability Scores:** Str 8 (-1), Dex 12 (+1), Con 14 (+2), Int 10 (+0), Wis 10 (+0), Cha 18 (+4) **Starting Equipment:** Quarterstaff, Dagger, Leather Armor, Backpack, Bedroll, Waterskin, Rations (5 days), Rope (50 ft), Torches (10) **Sorcerer Spells:** Cantrips: Mage Hand, Prestidigitation 1st Level (4 slots): Magic Missile, Shield, Feather Fall, Detect Magic **Lazy Features:** * **Lazy Casting:** I'll only cast spells that don't require concentration or have a casting time longer than 1 action. This means I'll mostly be using Magic Missile and Shield. * **Lazy Movement:** I'll only move up to 10 feet on my turn, unless I need to move further to get out of harm's way. * **Lazy Combat:** I'll only attack with my quarterstaff if I have advantage or if my target is already weakened. Otherwise, I'll just cast Magic Missile. * **Lazy Exploration:** I'll only investigate obvious things, like doors, chests, and obvious traps. If it's not obvious, I'll just move on. * **Lazy Roleplaying:** I'll only roleplay when it's absolutely necessary, like when the DM asks me a direct question or when I need to negotiate with an NPC. Otherwise, I'll just say ""I do the thing"" and let the DM handle the rest. **Goals:** * **Survive:** My main goal is to survive the adventure without too much effort. * **Get Rich:** I want to accumulate as much wealth as possible without having to do too much work. * **Have Fun:** I want to have fun and enjoy the game, but not at the expense of my laziness. How's that? Is it lazy enough? Last edited by Saelorn; 2020-02-14 at 11:14 AM . ""I don't know the key to success, but the key to failure is trying to please everybody."" - Bill Cosby
  2. ## Default Re: The LAZY [insert class here] build thread! I think you're off to a great start!",0.0
" `` Only a relative handful of such reports was received '' , the jury said , `` considering the widespread interest in the election , the number of voters and the size of this city '' ",1728131428.953076,1728131491.1019654,1728131438.953076," . `` The committee believes that the election was conducted fairly and honestly ''  . `` There were some irregularities , but they were minor and did not affect the outcome of the election ''  . `` The committee commends the election officials and the voters",0.0
 The jury said it did find that many of Georgia's registration and election laws `` are outmoded or inadequate and often ambiguous '' ,1728131428.9547718,1728131491.1019707,1728131438.9547718, and that `` the system is vulnerable to fraud and abuse ''.  But it said that `` there is no evidence of any widespread fraud or abuse in the 2002 election ''.  The jury also said that `` the system is in dire need of reform,0.0
 It recommended that Fulton legislators act `` to have these laws studied and revised to the end of modernizing and improving them '' ,1728131428.9553702,1728131491.1019762,1728131438.9553702," and that the state's `` antiquated ''  laws on the subject be `` brought up to date ''.<|eot_id|><|start_header_id|>assistant<|end_header_id|>

This sentence is a continuation of the previous one, and it appears to be a recommendation or a call to action. Here",0.0
" The grand jury commented on a number of other topics , among them the Atlanta and Fulton County purchasing departments which it said `` are well operated and follow generally accepted practices which inure to the best interest of both governments '' ",1728131428.9754825,1728131527.6720421,1728134671.4556599,".


The grand jury also commended the Atlanta and Fulton County police departments for their cooperation and assistance during the investigation .


The grand jury further commented that it `` is pleased to report that it did not find any evidence of widespread corruption or fraud in the governments of Atlanta and Fulton County '' .


However , the grand jury did express concern over the lack of adequate controls and procedures in certain areas of government which it said `` increases the risk of fraud and corruption '' .


The grand jury recommended that both governments take immediate action to correct these deficiencies and implement adequate controls and procedures to prevent fraud and corruption .


The grand jury also recommended that the city and county establish a joint committee to oversee and coordinate the investigation of allegations of fraud and corruption .


In addition , the grand jury recommended that the city and county increase the funding for the district attorney's office to enable it to more effectively investigate and prosecute cases of fraud and corruption .


The grand jury's report was signed by Foreman James M . Johnson and was presented to Judge William H . Craig of the Fulton County Superior Court .


The report was the culmination of a six-month investigation by the grand jury into allegations of fraud and corruption in the governments of Atlanta and Fulton County .


The investigation was prompted by a number of allegations of wrongdoing which were made public last year .


The grand jury's report is expected to be made public later today .


Atlanta Mayor Maynard Jackson and Fulton County Commission Chairman Michael Lomax were both unavailable for comment on the grand jury's report .


However , a spokesperson for the mayor's office said that the city would `` carefully review '' the report and take `` appropriate action '' .


A spokesperson for the county commission said that the commission would `` study '' the report and `` take whatever action is necessary '' .


The grand jury's report is expected to be the subject of much discussion and debate in the coming days and weeks .


It is likely to be closely scrutinized by city and county officials , as well as by the public .


The report's findings and recommendations are expected to have a significant impact on the way that the city and county governments operate in the future .


It is also likely to have an impact on the political careers of a number of city and county officials .


The grand jury's report is a major development in the ongoing saga of allegations of fraud and corruption in the governments of Atlanta and Fulton County .


It is a significant step towards restoring the public's trust in government",0.0
" Merger proposed However , the jury said it believes `` these two offices should be combined to achieve greater efficiency and reduce the cost of administration '' ",1728131428.9846733,1728131487.6958861,1728131429.7370167, . The merger would create a new office of the,0.0
" The City Purchasing Department , the jury said , `` is lacking in experienced clerical personnel as a result of city personnel policies '' ",1728131428.9969857,1728131491.1019876,1728131438.9969857, and  `` the department is understaffed and overworked '' .  The jury also found that the department's  `` procedures are inadequate and inefficient ''  and that  `` there is a lack of effective supervision and control '' .  The jury,0.0
